Ygrowth,Igrowth,Cgrowth,N,wgrowth,RB,pi,sigma2,Tgrowth,tauprog_obs,I90share,w90share
NaN,NaN,NaN,0.00170032781051521,NaN,NaN,-0.006733503083075939,NaN,NaN,NaN,NaN,NaN
0.0108457452109541,0.0420334619444386,0.009601757867158759,0.0113611806382785,NaN,-0.00947347621498112,-0.0052972892430653605,NaN,0.027220393264288996,NaN,NaN,NaN
0.0212210378922997,0.0881655355756696,0.0133198522761471,0.0245428655167297,NaN,-0.0095732251801683,-0.00339599215212713,NaN,0.0454589810194635,0.56395718464368,0.3707,0.68339998
0.0119683855338817,0.0446133260025267,0.00832939637992201,0.034619018365408,NaN,-0.00868414789236684,-0.00389209718299697,NaN,0.0196005197722156,NaN,NaN,NaN
0.00415305174817253,0.0132918249105711,0.0017084070767459,0.0420369613687219,NaN,-0.008293868339306941,-0.00107635129938164,NaN,0.0106427409022492,NaN,NaN,NaN
-0.000220043691136549,0.0362063240245604,-0.0022979505060179,0.0511601281865781,NaN,-0.007198577977891999,0.0018810319933948699,NaN,0.00977961307425496,NaN,NaN,NaN
-0.0116003160730233,-0.0250116979183815,-0.0117693518194533,0.0542050166858985,NaN,-0.00616247594935061,0.0018496461363309,NaN,-0.0191930601862621,0.56395718464368,0.3617,0.6868
-0.00242586492255365,-0.0302404065097224,-0.0035488892028863296,0.053364556561589005,NaN,-0.00584771359232936,-0.00211259752614376,NaN,0.00700146705393274,NaN,NaN,NaN
-0.00972161571579728,-0.00422955709707966,-0.00814388619477892,0.0463093026595827,NaN,-0.00532608892669929,0.00442184227113642,NaN,-0.022159306807229998,NaN,NaN,NaN
0.00473434816591128,-0.0263169645763717,0.007826483636228941,0.0487240002613758,NaN,-0.005036414973396739,-0.00402656302713231,NaN,0.0300649593516594,NaN,NaN,NaN
-0.00151949884071629,-0.0140320390211897,-0.00550740924698136,0.0464931686923968,NaN,-0.00474682490679443,0.00562179445050617,NaN,-0.00694642321999821,0.56395718464368,0.36090001,0.69080001
-0.00811803296181952,-0.0126167617417177,-0.0066774508840770205,0.041215768301667,NaN,-0.00473027943570302,-0.00105601670260011,NaN,-0.0220221091663694,NaN,NaN,NaN
0.00258804931363526,0.00431775263482632,0.00222693373985682,0.0331612116035966,NaN,-0.004564839779440179,-0.0021099568768809603,NaN,-0.0145646540752006,NaN,NaN,NaN
-0.0167378063282086,-0.119108274269899,-0.00294147010607705,0.009018887256579509,NaN,-0.00398601642843026,-0.007346544749880591,NaN,-0.0467779869572715,NaN,NaN,NaN
-0.0290348907648851,-0.081440159264163,-0.0202799874192583,-0.0171437477744574,NaN,-0.00393641858427317,0.0027114761043962802,NaN,-0.0729335091186906,0.56395718464368,0.3592,0.68949997
0.000222192569580717,-0.0362475178842625,-0.000760425867377026,-0.0348862488920494,NaN,-0.00738933774143065,-0.00512060146310686,NaN,-0.009467295668334529,NaN,NaN,NaN
0.0144744857880764,0.0871178518039532,0.00319128905956621,-0.0263579155908777,NaN,-0.00968961154979303,-0.0019821995609874197,NaN,0.0374891447136592,NaN,NaN,NaN
0.0177072994447674,0.092533936460939,0.000409316030089966,-0.0148834946328451,NaN,-0.008733981779420441,-0.0033054554184512603,NaN,0.0429020419042439,NaN,NaN,NaN
0.00976492712222315,0.0283241254381754,0.0146397127051645,0.000902445328052615,NaN,-0.00664309380112538,-0.005710663975428271,NaN,0.0229720668656311,0.56395718464368,0.3651,0.69679999
0.0170854619186774,0.0623667785862278,0.00983769661815391,0.0164541547798649,NaN,-0.0056324069451472,-0.0065097912086329104,NaN,0.0391478871122649,NaN,NaN,NaN
-0.0108327382941499,-0.0788335117199402,0.00452806660174819,0.0100891808531616,NaN,-0.00435807869114024,-0.00419730708369246,NaN,-0.036574861314532005,NaN,NaN,NaN
-0.0037794662167840005,0.022195572780284,-0.005375881520443671,0.00677305752653456,NaN,-0.00313492793409385,-0.0041513896765941,NaN,-0.00584222288024654,NaN,NaN,NaN
0.0102766787472053,0.096572037609818,-0.00128781598529894,0.009473214655963071,NaN,-0.00211127654656818,-0.00398532640295344,NaN,0.0518727562304933,0.56395718464368,0.3585,0.69919997
-0.0142128254202909,-0.11302533920879401,0.0071651369648129,0.007742555491467409,NaN,-0.00225155388334421,-0.0055660645211747795,NaN,-0.0271124890057197,NaN,NaN,NaN
-0.005335828555716971,-0.0200677659869935,-0.0118689126388252,-0.0014604552649197802,NaN,-0.0028376308578028603,-0.00455153703463138,NaN,-0.0178922262818548,NaN,NaN,NaN
-0.0230928419279283,-0.139724152661482,-0.0053884469012986,-0.0143294612059472,NaN,-0.00472200680281363,-0.00510197575017754,NaN,-0.0266249481280342,NaN,NaN,NaN
-0.00110599222512415,0.020811093221408002,-0.0088457642829778,-0.0235256412744125,NaN,-0.00631160849531944,-0.0058863888778872605,NaN,-0.0111385261494229,0.56395718464368,0.36019999,0.70099998
0.0112346758715472,0.0598773473903411,0.00412879903363316,-0.0294321523094698,NaN,-0.0070410212675161,-0.0057123037865329605,NaN,0.0154512229487947,NaN,NaN,NaN
0.0117535127949485,0.0669105133615883,-0.00233890543667715,-0.0271921174090259,NaN,-0.00771288313808678,-0.0054800290686800295,NaN,0.0122288645370473,NaN,NaN,NaN
0.011420372924598998,0.0103676462373312,0.009602306273346779,-0.0181848644919311,NaN,-0.00783735155438681,-0.00489413828748672,NaN,0.027688982106414,NaN,NaN,NaN
0.0108301150908936,0.0403043683519919,0.00144523774508752,-0.0181623722569721,NaN,-0.00605478294059377,-0.00289868206717101,NaN,-0.0139432584596579,0.56395718464368,0.36860001,0.70599997
-0.00016727926946198202,-0.0240809113008492,0.00588715060944754,-0.00996619991108982,NaN,-0.0059139711187944895,-0.00644836411316449,NaN,0.0061942865218900895,NaN,NaN,NaN
0.004780420245381879,0.00433997423167871,0.000268667569451862,-0.0157621777551906,NaN,-0.00554132962457885,-0.00592242325342138,NaN,0.0191053295221165,NaN,NaN,NaN
-0.00252000182051755,-0.0436025186110612,0.006716394928998321,-0.0258701629362168,NaN,-0.0049453919155384605,-0.00598546987629931,NaN,0.00459950844174501,NaN,NaN,NaN
0.00147852600219349,0.0356168637686154,-0.00289626583700421,-0.0235384035229416,NaN,-0.0047550977449985,-0.0036539064611839996,NaN,-0.00372648592553431,0.56395718464368,NaN,NaN
0.000619251401930801,0.00919446092939187,0.000844820251005172,-0.0210047704049332,NaN,-0.00464755618628673,-0.00628970337618881,NaN,0.0149117005175997,NaN,NaN,NaN
0.0154421307242778,0.0188239550141582,0.0085404771284998,-0.0220857000719903,NaN,-0.0046558282032941,-0.0066996956894269395,NaN,0.00139462295528554,NaN,NaN,NaN
-0.00331431904054109,0.00770182142743754,-0.0044655566858176204,-0.0181559536020606,NaN,-0.00374631630040701,1.18924453274237e-05,NaN,-0.00180983203261092,NaN,NaN,NaN
0.0106097018169269,0.0184119403434537,0.0125287045847435,-0.0035797451931083297,NaN,-0.00344057539278435,-0.0048705711946157295,NaN,-0.03262344200829,0.39690309998051504,0.3779,0.70240003
0.0041307738363479,-0.0105304716875537,0.008940850438774,-0.00309017593613437,0.0053535362533372105,-0.0034157896858739,-0.005740688306253379,NaN,-0.0551230652764789,NaN,NaN,NaN
0.00651767820686549,0.00627454792270794,0.00906992102027492,-0.000595375331250203,0.00224797198539826,-0.00334969747068664,-0.00403039309839779,NaN,0.0161594143830209,NaN,NaN,NaN
-0.00542069099269144,0.00748965429563282,-0.006886429851374229,0.00516381240847874,0.00169008148388448,-0.00343231342222165,-0.00353434222270519,NaN,0.0052587646365781,NaN,NaN,NaN
0.0196787299027559,0.0820212576324785,0.0116674657998952,0.0167385388147965,0.0036606246007628703,-0.00313492793409385,-0.00298844269876606,NaN,0.0532682886671752,0.30159292017619,NaN,NaN
0.0013599189703726198,-0.009291564784967891,0.00284853355787849,0.022634579202701004,0.00275586056140862,-0.0021525325441647397,-0.00346438953865677,NaN,0.00388604793794884,NaN,NaN,NaN
0.0155161730293028,0.0198128103080397,0.00832937512487807,0.0209748132892269,0.00468967669111907,-0.00189677279193015,-0.004214504187107979,NaN,-0.0314520867421772,NaN,NaN,NaN
0.0143013822516354,0.0032966957349409103,0.0152464300150306,0.0263768893043714,0.00278128247182983,-0.00190502208558426,-0.0011589261779041198,NaN,0.0196865074372839,NaN,NaN,NaN
0.0176479735566684,0.0599804124627447,0.007295335532654591,0.0366484803839455,-0.000565610285351087,-0.00167406758259458,-0.00164886747306678,NaN,0.0127269861787079,0.30159292017619,0.37099999,0.69169998
-0.00532310995022018,-0.0219073202797584,-0.00619828803752621,0.0422868486637586,6.23411869726637e-05,-0.000709584392465984,0.000124904823934704,NaN,0.0269174834403648,NaN,NaN,NaN
0.00242077066355244,-0.020692314165926998,0.00058188764945609,0.042804580452798995,0.000934788919297197,0.00017165071136303502,0.00158328521451192,NaN,-0.00426239528018917,NaN,NaN,NaN
-0.00159383351335136,0.00109240429203656,-0.00532118659275806,0.0359013475446108,-0.00033230174919453596,0.00139749898311105,0.000305358621349752,NaN,0.0029609813399376697,NaN,NaN,NaN
-0.0005333857484978809,-0.0342641132147388,-0.00436076455564784,0.0305291770761409,0.0037730770361072796,0.0017756454124893699,-0.0038922581900118,NaN,-0.016225601667148,0.30159292017619,0.36109999,0.6796
-0.0077408385939623,-0.0521067480877711,0.004306254523493079,0.0200869806150044,0.0027370315637455897,-5.064378035402921e-05,-0.0029467041853530104,NaN,-0.0147416540118636,NaN,NaN,NaN
0.0018992890944745,0.0194425475690249,-0.004183496993180671,0.0189982783820373,0.00287295325198443,-0.00211127654656818,0.0014851659043911,NaN,0.00906680600465621,NaN,NaN,NaN
1.8851419344703303e-05,0.0129219645634326,-0.00545343670324573,0.0191097945666057,-2.30610469078066e-06,-0.00235058502872033,0.00302002662593306,NaN,0.0136527821083293,NaN,NaN,NaN
0.0127505058349318,0.0106134079631865,0.0140963657989501,0.0164134818767279,0.0032476545440924603,-0.00165757287327233,0.0030026731919992303,NaN,0.0358691849458901,0.373913581755816,0.36309999,0.69520003
0.00702364055244513,0.0229978244239252,0.00564046846506859,0.0214202185542973,0.00246794918673719,-0.00014122237175411,0.0024209357197964303,NaN,0.0123568936897046,NaN,NaN,NaN
-0.00110641632168913,-0.0398936108892705,0.00985522429777096,0.0237877373851507,0.00292521288635149,0.00280249557849856,0.00175454375635045,NaN,0.0630614389930658,NaN,NaN,NaN
-0.0043181904111521795,0.00864011836965735,-0.00777091921849983,0.0252797543941048,0.0006634184970697281,0.0027121750637745102,0.00597295803444655,NaN,0.0110488375839553,NaN,NaN,NaN
0.0072263865666598,0.0500763683239697,0.00110539503474659,0.0298709603713023,0.00309331977294123,0.00264648229241922,0.00221905528657665,NaN,0.0277982238468516,0.39690309998051504,0.34810001,0.6709999999999999
-0.00696293527826248,-0.020284056837681,-0.0029355772533645897,0.0342986768207094,0.00152492204399011,0.00424651545495975,0.00461265246202405,NaN,-0.00651097324575949,NaN,NaN,NaN
-0.00268969503082146,0.00408928976441776,-0.00635521833181808,0.0342330438209819,0.00101792437380531,0.00856610592070299,0.00590276807522352,NaN,-0.0458535549743159,NaN,NaN,NaN
-0.0159603958335532,-0.0568012281279322,-0.00285951131525632,0.0262828208329919,0.000877961040979019,0.0101730036901319,0.00475907497205588,NaN,-0.0180341165747708,NaN,NaN,NaN
-0.0111094329369922,-0.0441084418328078,-0.00585011680711257,0.0173707820443525,-0.0035526519748821,0.0100670442887851,0.00596019222994639,NaN,-0.0677292071078752,0.326285532766561,0.34400001,0.6875
-0.00947440063910671,-0.00395735692730841,-0.007955174783051541,-0.0009159845456290231,-0.00157373609152091,0.00917001502625672,0.00581326273164364,NaN,-0.0138835037772486,NaN,NaN,NaN
0.0009074785822651891,-0.00382149152789384,0.000551824617680095,-0.011074757761368998,0.00586754790790776,0.00747161176990178,0.000126484717449828,NaN,-0.0466936527946208,NaN,NaN,NaN
-0.0192181752285689,-0.0650117667699984,-0.0127015691466199,-0.0238493734316068,-0.00126919646411607,0.0045826072029724295,0.00510571667083217,NaN,-0.025287816855481003,NaN,NaN,NaN
0.0160254005650469,0.10284429453420499,0.0035747989890313296,-0.024291785267712005,0.00133908472311582,0.0017838643991703801,0.00703646311798714,NaN,-0.0163463239412115,0.30159292017619,0.34999999,0.67089999
0.000246375052543482,0.0175059730424664,-0.00238644122812072,-0.0262578504255435,0.00119669935923648,-0.0024413721947787,0.00500686513700701,NaN,-0.00937728203256454,NaN,NaN,NaN
-0.00188451191106948,0.00356286159181924,-0.00226928226614344,-0.0314551492939668,0.0038618154291309797,-0.000693105584213136,0.00209348786068577,NaN,-0.0156162159273462,NaN,NaN,NaN
-0.00539772724253491,-0.0365257724305504,0.00446687474507489,-0.0260491587430627,0.00275333802809284,0.0015537072336906802,0.00026228981031930696,NaN,0.000583307165474675,NaN,NaN,NaN
0.009897831060937941,0.0456967391357605,-0.00138274767873671,-0.0191927601813262,0.0152023734050717,-0.000231809168378633,0.00703803060322563,NaN,0.0665478961609787,0.30159292017619,0.3531,0.67869997
0.0133282537868356,0.0466738073000834,0.00853160983053901,-0.0173245166503193,0.0051602399373085,-0.00322578633959128,-0.00183335447410935,NaN,0.00138922340129761,NaN,NaN,NaN
-0.00152011531401714,0.0077914085219625406,0.00463391674835155,-0.0169746480044033,0.00166880145466307,-0.001344225079398,0.00149114634600991,NaN,-0.00495170792992943,NaN,NaN,NaN
0.00725322759735385,0.00530591370607998,0.00878590105781062,-0.0118458151681313,0.00254821912095802,-0.00025651608261,0.00463838797103991,NaN,0.0177153007120752,NaN,NaN,NaN
0.0135724123246189,0.0376237796111174,0.00882075187107344,-0.00212644440356069,0.00102155101234279,0.000739512234253883,0.00341522446112055,NaN,-0.00483887391679921,0.30159292017619,0.35620001,0.66820002
-0.0015059688258948901,0.027880148155758,-0.00647451571726744,0.00303273822668171,-0.0029662114707069897,0.00417272409589436,0.00720655193311328,NaN,-0.00716196009981423,NaN,NaN,NaN
-0.0176219030660353,-0.0438120288633868,-0.0075577124957999595,0.00451549342505686,-0.00480846067542752,0.007316325286460641,0.0112606436453045,NaN,-0.0146450010438825,NaN,NaN,NaN
-0.0016674618033869,0.0309290361420928,-0.0122172041306166,0.0042627090490015,-0.006263116896175329,0.0140206797011484,0.0116715553542075,NaN,0.0137037833875149,NaN,NaN,NaN
-0.0164099122840095,-0.0742058640863692,-0.0081646018129118,-0.00520553802838553,-0.00705124285773253,0.0126476278578802,0.0106814809809024,NaN,-0.0205582960767407,0.30159292017619,0.34630001,0.65899998
-0.00105195847033541,-0.000184228616374283,-0.00160475449398635,-0.00775483701380431,-0.0019146830828898,0.0110039880470116,0.01529769121058,NaN,0.00978781391819134,NaN,NaN,NaN
-0.0162820585697396,-0.0620686628400171,-0.0077819088736857,-0.0163883063173937,-0.0072501739485782,0.0156999003534584,0.020856039513671,NaN,0.0117438397537684,NaN,NaN,NaN
-0.0178156182054731,-0.00148230330591974,-0.0284427839244157,-0.0381698139184996,-0.0107887450772562,0.01774037036936,0.0209578424891792,NaN,-0.0539055233021126,NaN,NaN,NaN
-0.0318723849477828,-0.173444518591871,-0.00528439281945349,-0.0751021397345806,-0.0125236227621253,0.0110609910722591,0.0144239771445596,NaN,-0.0666117563033376,0.30159292017619,0.3495,0.66180003
-0.00514863929689908,-0.028764629182994,0.0040103154135393395,-0.08940976507784801,-0.0049497084227821,0.0035986053523717,0.00671755570864876,NaN,-0.223344135032093,NaN,NaN,NaN
0.0137474528341999,0.0589701120859396,0.0055140848995907,-0.085279424090225,-0.00291685400530907,0.00142216506601495,0.00946576060455697,NaN,0.220609001160299,NaN,NaN,NaN
0.00330864641709377,0.0145008248046338,0.00120394323097405,-0.0732125228756546,-0.00156537087410881,0.00324576891301574,0.00854365755451683,NaN,0.00632942002738319,NaN,NaN,NaN
0.0182869647052782,0.0776588499546862,0.010767981132044,-0.0617055712751773,0.00623543427562255,0.00140572107834768,0.0024990699522476,NaN,0.00948200625377155,0.30159292017619,0.34900001,0.6444
0.0009726326209094551,0.0367326502946814,-0.00194092651712775,-0.0662031495348661,0.00443602743721814,-4.24097697732245e-05,0.00197291135439828,NaN,0.00782160375224856,NaN,NaN,NaN
-0.0017941346381764101,-0.00397373209160317,0.00330723382258168,-0.0670285903559416,0.00525464146047703,0.000871144224308271,0.00481863699693166,NaN,0.00576350616260208,NaN,NaN,NaN
-0.0005916783532393201,0.000800035750503313,0.0014823207442851,-0.0664360487615605,-0.0019297121782076,0.00108500925983523,0.00970045180643033,NaN,-0.00472923093260873,NaN,NaN,NaN
0.009837984852866959,0.0395010371292348,0.00428250107144156,-0.0605344859119894,0.000145564334667708,7.28592600362787e-05,0.00795548272660998,NaN,0.0158339941359054,0.30159292017619,0.35339999,0.65079999
0.00997947183549735,0.0550032839898606,-0.000891835001205723,-0.0462853873182096,0.0036872844840691705,-0.00045419337507478897,0.005956778245636479,NaN,0.0249343374124949,NaN,NaN,NaN
0.00839344793112589,0.0393418818679358,0.00301879879875199,-0.0402142579029743,0.00156961214042005,0.000772421856207567,0.00406742387261374,NaN,-0.0013015293798903,NaN,NaN,NaN
-0.00492633891561396,-0.0111387007811046,-0.00147830544533402,-0.0350202573314391,-0.004332607782302511,0.0024083098133550604,0.0133250266648519,NaN,0.0065197986071533,NaN,NaN,NaN
-0.0017838561215075101,0.0054865914568975205,-0.00168740929111567,-0.0347770818344229,0.0028309714016279,0.00411532705182644,0.00640492294484998,NaN,-0.0248436441262227,0.30159292017619,0.3515,0.63120002
0.0214372266924326,0.050980985419534004,0.0135194836186598,-0.0104470594006063,0.00258103060305602,0.00471373432270726,0.0108909523039029,NaN,0.0599138971785363,NaN,NaN,NaN
0.0015403197856356699,0.0193003021676792,-0.00418309170797616,-0.0064780275550218,-0.000330181511330591,0.00600769221212548,0.00879406962197196,NaN,0.0218701703398439,NaN,NaN,NaN
0.00145083951327867,0.0170654165494021,-0.0024044296017273897,0.00128110658353364,-0.000248263675559874,0.00801084068563687,0.0122445999475438,NaN,0.0202445969842083,NaN,NaN,NaN
-0.00618217298466379,-0.00772808865952395,-0.0030046317473471197,0.00417669941564647,-0.000620528508549673,0.0116389810671434,0.0100018971562206,NaN,-0.0176413329502547,0.30159292017619,0.35319999,0.64399999
-0.00606410535093622,-0.00781003858516765,-0.0066301813697937795,0.00408720952068009,-0.0108501386672015,0.0128346037669855,0.0161625137267179,NaN,-0.00454917930081804,NaN,NaN,NaN
-0.000972219371372549,-0.018842992006046,0.0038751086504329297,0.00837472052073718,-0.00277092118887336,0.0130946860194634,0.0136045648520973,NaN,-0.00456838914629059,NaN,NaN,NaN
-0.00465811555759017,-0.023063728930262,-0.000598080037102835,0.0063048562499936605,-0.00248021851012538,0.0149620395486336,0.0103473292010283,NaN,-0.005995521272665829,NaN,NaN,NaN
-0.0021867049772267898,-0.017381772956838,-0.0011953292162148,-5.5747683140872104e-05,-0.00467238642695491,0.0213415046607084,0.0127396327660179,NaN,-0.00760703596332617,0.30159292017619,0.34689999,0.64039999
-0.0363898383037089,-0.0978983204418849,-0.0306095166271026,-0.0215389239329609,-0.00525775677661812,0.0248895619817671,0.0154817121339062,NaN,-0.0463878716744434,NaN,NaN,NaN
-0.0166775270593984,-0.0784638828104636,0.00351582982593567,-0.0299832592989731,-0.00325046282755694,0.0191872269424643,0.0140517952110899,NaN,0.0222837900217337,NaN,NaN,NaN
0.0145191731989609,0.073620584751215,0.0037752667540007397,-0.0214751122656116,-0.00258114687575108,0.0122573046164943,0.0176907268981988,NaN,0.0270775573601801,NaN,NaN,NaN
0.0136796544376683,0.0816570893748331,-0.0053355815095810395,-0.0196625899211886,-0.00574783789531199,0.0268312322672409,0.017957426451766997,NaN,0.023151189801459,0.289014137969329,0.35100001,0.63730001
-0.01569154645171,-0.0435524176327263,-0.0111560093209016,-0.0229524374197139,-0.00254866851399084,0.0285531129859508,0.0115806623179158,NaN,-0.0164776350643065,NaN,NaN,NaN
0.0020388838531744603,0.0403023737179002,-0.00589804020304153,-0.0268688925466627,-0.00058505657118248,0.0314535764563872,0.0106041075868995,NaN,0.00375858138536828,NaN,NaN,NaN
-0.0166506670346917,-0.0391806470788008,-0.0169660503148408,-0.0342521596775853,-0.00513615151286741,0.0309667584408912,0.009106533957690809,NaN,-0.0604925608614314,NaN,NaN,NaN
-0.0229785447982537,-0.11139406094411801,-0.0018322358364408898,-0.053936319032557,-0.0005468140840641129,0.0213656836821845,0.00562682737571299,NaN,-0.0641261950526579,-0.0348793164450236,0.3522,0.62650001
-0.0068333600561194105,-0.0121169732728635,-0.00835568747982098,-0.0534741569136914,-0.0042590983410397895,0.0229119262993113,0.00486917398697464,NaN,-0.00841716278192933,NaN,NaN,NaN
-0.00405777555309234,-0.0233318616376966,0.000267411410788552,-0.0639388421127522,-0.0021621742994373397,0.023603739601674,0.00603876181924326,NaN,-0.0506880675065572,NaN,NaN,NaN
-0.00735297444399303,-0.0949677228900501,0.0100763164019137,-0.0763241556692567,-0.00398681041131279,0.015108033238721001,0.00227110332645155,NaN,-0.00930013488677111,NaN,NaN,NaN
0.0038717850270587,0.013644177762646998,0.00262631786391542,-0.0737384497627867,0.00327517062861092,0.0109144052989602,-0.000509239319963248,-0.714642011905521,-0.0230226188066526,-0.0348793164450236,0.35820001,0.6171
0.0205339190096928,0.0665132540799065,0.0140298182096479,-0.065843659072379,0.000403048117480581,0.009365799142264191,-0.000644279629316655,-0.5823655952185921,0.0445287398300125,NaN,NaN,NaN
0.0171806564733377,0.0422891151819908,0.012474218556338002,-0.049521146179516,-0.0040856397029352,0.0097327910766384,0.0025418731359397,-0.288358129620266,-0.0450078650270078,NaN,NaN,NaN
0.0143010891959712,0.0812434795069045,0.00711980923731435,-0.0341246158327912,0.00168436938171277,0.0113378166983093,-0.00048532819758160097,0.146048587461828,0.0101941026995989,NaN,NaN,NaN
0.0173201842078692,0.0780410800358866,0.00129112641673811,-0.0181870406225206,-0.00372358441888966,0.0112645467841244,0.002027273789895,1.0114016169556301,0.0202879992653445,-0.0348793164450236,0.3698,0.6117
0.0113956716533857,0.0184608355893751,0.00738639773797399,-0.00808042431202693,-0.0018503242326391102,0.0118912381591432,0.00048506705158215705,0.21170259292450397,0.000478077335380586,NaN,NaN,NaN
0.00166631184371107,0.007431507175356741,-0.00139744803208198,-0.00653690657871131,-0.00146053521199898,0.0140125606762432,0.000808314126316458,0.102229740153556,-0.00877087315976637,NaN,NaN,NaN
0.00136237901028751,-0.0237464499258482,0.00394877481616394,-0.00296230581603041,-0.00403599019523295,0.0160402679537492,-0.000575933956637995,0.36256485165315705,0.0126444635619039,NaN,NaN,NaN
-0.0019423343506348,-0.0442288789270183,0.0111409308947947,0.00222657972671225,-0.00411469979295511,0.0108655385991629,0.00179474602336851,0.414915759502341,0.0699563918677915,-0.0348793164450236,0.37099999,0.6103
0.0064368563628650005,0.00685341155903747,0.00323663165071285,0.00574819676760718,1.38951544490335e-05,0.00893339139950752,-0.00162188606600975,0.15897218615545403,-0.12105415426931401,NaN,NaN,NaN
0.007908376465763079,-0.0196227046577416,0.0130915306527206,0.00555151355190642,-0.000784103591907632,0.007577846524293,-0.00202807984841977,0.485933035108779,0.0770632901089923,NaN,NaN,NaN
0.0034649374448321602,0.0312296073386488,-0.003956416519882671,0.0073726446468596095,-0.000773001522101264,0.00752064459738948,-0.00246356142130042,0.6232036548867911,-0.00716069737350671,NaN,NaN,NaN
7.0698449891762e-05,-0.008070037703555459,0.00334319193519893,0.00308073213989335,-0.001331378999357,0.008019008584975559,-0.00307273806249262,-0.669917198745319,-0.0135114214194671,-0.0348793164450236,0.3678,0.60329998
-0.00231353634033655,-0.0209790160887092,-0.00145461356313749,-0.00212108718928139,-0.00242733104807826,0.0073408458080952595,-0.00424911547269089,-0.6276913334625289,-0.006481951901944279,NaN,NaN,NaN
0.00413038226896405,-0.0346351056877992,0.0112699418950508,0.00010404422497956,-0.0019803957077606698,0.0051152041994244205,-0.00395848114164041,0.0743898373353815,0.0111755959008524,NaN,NaN,NaN
-0.00322494365301202,-0.00559564395491345,-0.000731648073353699,0.00484670462136627,-0.000753317113833213,0.00336065956186384,-0.00260063221134674,0.12424714433204301,0.0325429285815262,NaN,NaN,NaN
0.00148602584191609,0.0201148369477643,-0.00339322062531135,0.0139619296385662,-0.00168576149656975,0.0035083567173211103,-0.00170792020835295,0.508214855920399,-0.0176690247260817,-0.296244080579431,0.37810001,0.61299998
0.0042692032942107,-0.0105704464493673,0.008834154633924991,0.016877412489392,-0.00266770296244802,0.0033934830372163603,-0.0011314482133697199,-0.33190817625502,0.113877274295554,NaN,NaN,NaN
0.000768569396333565,-0.0129290855902755,0.00583785501438382,0.021091380281538005,-0.00224436375985839,0.0044514628866608895,-0.000497235213908296,-0.0361098171438998,-0.0335280769840298,NaN,NaN,NaN
0.00922033677981653,0.0613769414861047,-0.00458591486625127,0.0286106882821535,0.000559725339787525,0.004926779226823321,-0.000102925158240928,-0.420306763189226,0.00626612887361817,NaN,NaN,NaN
-0.00637278527583524,-0.0561637259779882,0.0102280557603573,0.0267679381099963,-0.00513111534312395,0.00510701254753676,-0.000234183296195154,-1.5639324363921001,-0.025929541567882998,-0.6146978116979661,0.39250001,0.62470001
0.00219042686089837,0.0109911910640865,0.00132320391451789,0.0382497232586916,-0.000627020374452298,0.00448425057816466,0.00164892490106874,-2.10126003079594,-0.00858347771850581,NaN,NaN,NaN
-0.0029206910746290603,-0.011385888596601001,0.0018938448717782301,0.0382907793427716,-0.005398978198404529,0.0056966400347079,0.0038475967813294204,-1.93929626143105,0.000819433824903523,NaN,NaN,NaN
0.007339776394492729,0.005698017824279989,0.00545677693733947,0.0466367920674537,0.000943706136569116,0.0077249221704652,0.000575852885347474,-1.28136573010874,0.00658371723060875,NaN,NaN,NaN
0.00151649517111889,0.0256229230229245,-0.00158543360332654,0.0536232062801574,-0.00195783240921267,0.00891707046464391,0.0023205308348648603,-0.911692762774004,0.0412691344361567,-0.6146978116979661,0.3888,0.62480003
-0.00196974236019893,-0.0224651300350423,0.000177060569967123,0.0549707215231088,-0.004684942393047079,0.0112971118532059,0.0025575390743657602,-0.527110838784511,-0.0226373610156182,NaN,NaN,NaN
-0.00209922791218626,-0.0193050280326115,0.000980296890781927,0.0546859566491982,0.000271568589325071,0.0119888689845266,-0.000760341494926407,-0.0408992249715814,-0.00173644959121105,NaN,NaN,NaN
-0.0038129651658493397,-0.0151755293895924,-0.00216618736573483,0.0523735080886434,0.00204634874457741,0.010417482543929,-0.000941772101296066,0.6563977286514301,0.0017818273059409602,NaN,NaN,NaN
0.00454969799083398,-0.00317184354946103,0.0048067679747911705,0.0522911978974143,-0.000381108556270399,0.00926791187568796,0.00269605864152902,1.53097697980642,-0.0218887961995828,-0.6146978116979661,0.38909999,0.62690002
-0.00682887885555145,-0.0147161506468741,-0.0062986698744223,0.0455250211543685,-0.0035506271167835704,0.00837833012445117,0.00310223459439454,0.00442137288570166,0.00439573798917842,NaN,NaN,NaN
-0.00539579841219413,-0.0297653266475453,0.000809175196035281,0.0376585062095378,-0.0016814331715857699,0.00836200012788021,0.0004982415035852639,0.142429772502804,-0.00194072814113205,NaN,NaN,NaN
-0.015388609091504,-0.0695664689918494,-0.00914595174483114,0.030605689809704,-0.00159485033944297,0.008157852667378021,-0.000628092745908779,0.46626850622984706,-0.0157461843668094,NaN,NaN,NaN
-0.016950358373485998,-0.041591648573323,-0.0155226062479064,0.0179247488838534,-0.00463559119131675,0.00713648975374467,0.00171626187582754,-0.10811937492805801,-0.0368557928407624,-0.5129151173880229,0.38820001,0.62529999
-0.00318313203694837,-0.0125668938705004,-0.00085459445632853,0.00931041750492945,-1.39264627452456e-05,0.00390210918336127,-0.000723238496754795,0.21847163675283998,-0.0140103490195442,NaN,NaN,NaN
-0.00227885567601666,0.007188021084607541,-0.00326510551545002,0.00546299151564078,-0.0024466866444383803,0.00251508380167034,-0.000261842999479376,0.374517395419264,-0.007517434086618579,NaN,NaN,NaN
-0.00318267700913295,0.019208383722398997,-0.0064326953906151,0.0012204324207099,-0.00252947088338675,0.00197288245095719,-0.0021099340466667897,0.57428597664962,0.00224338795596119,NaN,NaN,NaN
0.00451547177352123,-0.0337873180972142,0.013856977852956,-0.0072072414256885205,-2.21004043275024e-05,-6.711200491500009e-05,-0.00433010555008748,0.5100835946261529,-0.0063138859367852206,-0.5129151173880229,0.40099999,0.64069998
0.00568212081816992,0.0437740116849831,0.000177676113263457,-0.006000765286267471,-0.000780403403762637,-0.00202876965719624,-0.00204745371067381,0.13754621141137302,0.00471021927128008,NaN,NaN,NaN
0.0036841393716927,-0.00137862047901964,0.004919176127850629,-0.006940475855397921,-0.00032643874228523504,-0.00265599281238924,-0.0031645357258389397,0.667310450175214,-0.00313366630984062,NaN,NaN,NaN
0.004623603885751721,0.0182302689037183,0.00472355383819999,-0.00314432635758521,-0.0023448465510385198,-0.003928152516069729,-0.00118416212296355,0.42195936033434295,0.0339359226262706,NaN,NaN,NaN
-0.004076209241707879,0.0111704488144863,-0.00305092783288298,0.00293542150527593,9.6153308495311e-05,-0.00447385963372655,-0.00244507519760459,-0.0210064484854442,-0.0363861090452064,-0.26807320361273496,0.3985,0.64340001
-0.00015138357627626298,-0.0035484794096248204,0.0025864501301984103,0.0120310710072795,-0.0024063229647060197,-0.0044655891218231105,-0.00211231501865792,-0.07690734859397,0.0438816812991694,NaN,NaN,NaN
-0.00157259008001893,-0.0120924175010475,0.00222116695349638,0.0150345288733345,-0.00214022063131837,-0.004564839779440179,-0.00210382279631835,0.32071377384942795,-0.0052527524631602,NaN,NaN,NaN
0.00705810426632785,0.0380944805345859,0.0017784720994007302,0.0216298982093841,0.000120514093282048,-0.004415967486780171,-0.00259912167976071,0.12405146227954,0.0540662817605556,NaN,NaN,NaN
0.00350628299924876,0.029020694589692,0.00290378221301733,0.0249996303112994,0.0010393274437843,-0.00458965398309179,-0.00327269271649408,-0.46534375434597997,-0.036334526709957,-0.26807320361273496,0.40079999,0.64380002
0.00760764809787156,0.0390432307104213,0.0012021867443627698,0.0390286727669178,-0.00171802258165134,-0.00403561673265573,-0.00322403879464892,-0.116533922120654,0.0421357814056376,NaN,NaN,NaN
-0.000513113858450384,-0.0236927964996503,0.0017076268872417801,0.047713671041274004,-0.000891264397661535,-0.00223504964588098,-0.00231151524221771,0.0994957649794665,-0.007446191486966059,NaN,NaN,NaN
0.00478130230216683,0.0307145417346057,0.00268811286538505,0.0490287279447799,0.000255500312760875,-0.000882628276002561,-0.0026259299532453697,-0.495064250983128,0.0125735551054712,NaN,NaN,NaN
-0.0032055013160529697,0.00227469937606846,-0.00538731271278571,0.0508385611612185,-0.000650064807563372,0.0007971033619451571,-0.0026410456859215802,-1.33431707393003,0.0063202639121181,-0.26807320361273496,0.40830001,0.6473
-0.0036967856539371203,-0.0302808741751242,0.00234475407781563,0.0468318827955256,-8.98506635029943e-05,0.00238366804308887,-0.00324178330622546,-1.25788156215619,0.0184241170050528,NaN,NaN,NaN
-0.00336566692724989,-0.0130580305531872,0.0007681341898346661,0.0555019550174993,0.00232233711956152,0.00290101774606593,-0.00312585541057706,-0.41404718560705,-0.00696646644096204,NaN,NaN,NaN
-0.00110220332793882,0.011758832726158998,-0.0009174192566319259,0.0551221584545543,0.0006548289557386339,0.00235081140481287,-0.00323275061932213,-0.23581492643646101,0.00368192374622518,NaN,NaN,NaN
0.00253419709953478,0.00257887408370689,0.00242666981656513,0.0538711104530485,0.00172354692392672,0.00216186478167169,-0.00322823315773688,0.006023641526149429,0.0280909830135401,-0.26807320361273496,0.4183,0.65240002
0.0096871981160414,0.0336548167034593,0.00572240048854188,0.0605567743217952,0.00400629112574856,0.00128238255093542,-0.00390824118111974,0.511404518994176,0.0404327426697085,NaN,NaN,NaN
0.00400583347744825,0.0277199192343649,-0.0005252289333692719,0.0659153122508016,0.00367277764782735,0.000986308003781628,-0.00477098390523809,0.284631220013215,-0.00697130966923026,NaN,NaN,NaN
-0.00022517810863571298,-0.009168894535624571,0.00180718268027967,0.0742794092838706,0.0018045840067239898,0.00114258049397294,-0.0027025770595712,0.910011990261963,0.0124856485190841,NaN,NaN,NaN
0.0013315649304140198,0.014439719709148998,0.0013345626398524198,0.0798325750212445,0.0022046198825729103,0.0010767845272419698,-0.00209647302618452,0.63316036337412,0.0206976767034815,-0.26807320361273496,0.4253,0.65920001
0.00612446841074115,0.0337413646258313,-0.0026804556273076897,0.08148242255881401,0.004688918922085989,0.0010685597270017,-0.0060159010132389895,0.656373281039131,0.0182695225826924,NaN,NaN,NaN
0.00618634015906499,0.00961111838133317,0.007510589148456579,0.0840801526333719,0.004440871589350671,0.00167701230291845,-0.0037110386627985104,0.271021396894449,0.0169261609288563,NaN,NaN,NaN
0.00324550785167159,0.0006231379433913709,0.00401027700050037,0.0856498728329527,0.00774276974427022,0.00170167149237208,-0.00475823267776152,0.43063134810535497,0.00280435057271562,NaN,NaN,NaN
0.0043430021761131,0.0310177319210613,0.0009215186623712099,0.0890134757514538,0.0062972548953561394,0.00163591230250161,-0.00658226375901292,0.159691689649264,0.00934189825193649,-0.26807320361273496,0.428,0.66640002
0.00449779786324372,-0.0200304608132647,0.00909539233374045,0.0908278273408651,0.00556346362016445,0.00166879243797073,-0.00567863081475404,0.5672091022889971,0.007906696957527059,NaN,NaN,NaN
0.0059249941021715605,0.0143964077147917,0.003911848288255621,0.0889061540331983,0.0020112498782589396,0.00161947182934432,-0.00374681621896775,0.28853266452770004,0.0141239566757663,NaN,NaN,NaN
0.00851815193553489,0.0205052299788168,0.00634586171262484,0.09773685877838999,0.004751219439393921,0.00170167149237208,-0.00528433639727874,0.7066094871972092,0.00718276751304054,NaN,NaN,NaN
0.00458277829619118,0.0189296062895114,0.000596609470027585,0.0930439678922363,0.00341066877557437,3.9926607308128296e-05,-0.00427723805342437,0.167204583345498,0.0033582953514100303,-0.26807320361273496,0.435,0.66829997
0.00358005196344906,-0.0142438301732298,0.00838454466129378,0.0954045229390905,0.00422409633559194,-0.000272987697899215,-0.00442255134105294,0.6098292042388239,0.00316069533268554,NaN,NaN,NaN
0.00801705035734384,0.0127437322314532,0.00514642437593114,0.0984351972931981,0.004577109250429179,-0.000240044738630207,-0.00461865614166543,0.34449097542365403,0.0106279340358318,NaN,NaN,NaN
0.010568643562026999,0.0173861065327423,0.00711541657349855,0.0989567078564733,0.00108127926091782,0.000616091505174238,-0.0026771314357516302,0.337715639563409,0.015721505611325,NaN,NaN,NaN
0.00109407009652345,-0.0161667458614434,0.00881074735321573,0.100751496982197,0.0012891805910777302,0.00114258049397294,-0.00125756542412623,-1.29833000135582,0.0322257357613336,-0.26807320361273496,0.43959999,0.6717
0.010249739114407,0.0479936806131591,7.622006430761751e-05,0.0994777941091289,0.00265220295892708,0.00205505307007675,-0.00199649729609883,-1.9702786808161001,-0.00319320054605703,NaN,NaN,NaN
-0.00389137910237465,-0.0214819160639599,0.0022782005605734698,0.096735465729175,0.00219185912865581,0.00352476616588185,-0.00235197459691447,-2.18945546682671,-0.0065259700054247,NaN,NaN,NaN
-0.000648425307796028,-0.00990350479298523,0.0008311064797434799,0.0893067410362152,0.00415598504460244,0.00413172654344245,-0.0027651327158875,-2.06592483226003,-0.00069512950015265,NaN,NaN,NaN
-0.0116678610356268,-0.0617346329642668,-0.00331482079303981,0.0852458813654691,0.0011292478417110699,0.00401692445391846,-0.0019465147481076699,-1.56444577109496,-0.0167245780239109,-0.28077985488185,0.42899999,0.66399997
-0.00522859407213789,-0.0133064901872931,-0.0069568005014031395,0.0712368965021177,0.0018034703566340699,0.00184961386087035,-0.0020084949952805303,-0.36248093800883596,-0.0202157457364804,NaN,NaN,NaN
-0.0111714568927174,-0.0265071401819248,-0.007974710289830891,0.0571517930005268,0.000986451840939023,-0.00127826963227861,-0.00401758531578109,1.1696120927048501,-0.167015323191483,NaN,NaN,NaN
-0.00601627502938924,-0.0613930322139438,0.004197169757666579,0.0420405009364906,0.0030290852961041104,-0.00333317509939565,-0.00474355306937044,0.831588724740693,0.0821896935585583,NaN,NaN,NaN
0.0020990808589723,0.0218595661914862,-0.00633500789038034,0.0296585107269376,0.0004884963322078049,-0.00671769314054121,-0.00474195318285384,1.02812471272575,-0.147095851965225,-0.293650045402384,0.42649999,0.66420001
0.0018974979291224601,-0.0009326229909585769,0.00120478178959747,0.0292025403258682,0.00130564319330604,-0.00771288313808678,-0.00446816113211776,1.0802918005394,-0.0137123889155392,NaN,NaN,NaN
-0.00205558381402499,-0.0127172608311646,-0.000422239797095893,0.0227710719035654,0.0026729251386363602,-0.007671397108501241,-0.0034334355065601396,1.06124635039894,-0.0148976687504282,NaN,NaN,NaN
-0.0021411002638771,-0.0088807337128141,-0.00319989702566704,0.0204578067102661,0.0019890354936082802,-0.00769628851972103,-0.00238850057537851,1.22867558481099,-0.0030729857360837698,NaN,NaN,NaN
-0.00040721894672119703,-0.00349278797001023,-0.00068008834711676,0.0117339448996985,0.00062054335544735,-0.00843501570153841,-0.0035046845287889103,1.41028489075432,-0.005908163736303811,-0.391554260383756,0.428,0.66659999
0.000233139589751066,-0.00474697349796531,0.0006507680618095129,0.00606290409058197,-0.000649780996564448,-0.00891672728189756,-0.00510413481431036,0.836517711706976,0.0015128406486622599,NaN,NaN,NaN
0.00830485072415681,0.0224335066132792,0.00749486437302015,0.0041733757379685,-0.00118982352612253,-0.00892503468919738,-0.0026311608878997,0.561083686447672,-0.0891313970212492,NaN,NaN,NaN
0.00357050134357278,0.0278402778219946,-0.00234950298346305,0.005871792473292279,-0.0047264420523472,-0.00949841252349436,-0.00214328286840912,-0.10357196963006599,0.0729113492672374,NaN,NaN,NaN
0.0008340092841186331,-0.0047146148453350205,0.0019504915720935801,0.00690783329877398,-0.00388910692023294,-0.00954828700605705,-0.00062568005849448,-0.24457731887663603,-0.0111033757063831,-0.391554260383756,0.43869999,0.67379999
0.00411105177821996,0.0331537436954136,-0.0028272115348815397,0.004723358290569021,-0.0035639063466450702,-0.009531661902149659,8.92724542172173e-05,-0.104869387666646,0.0181453272390813,NaN,NaN,NaN
0.0034384613462191,0.0099376835040172,0.0018122596665457302,0.0078104170940918,-0.0013503797550729198,-0.00951503707463175,-0.00152696299979935,0.595693719684022,0.0250434012065726,NaN,NaN,NaN
0.00524557477832226,0.0149976120110371,0.00397057426002288,0.0101421185980008,-0.00319953589664858,-0.008459926127798771,-0.000354979521894647,0.36876224131508595,0.00549498113276543,NaN,NaN,NaN
0.00206910657554098,0.0236900585220341,-0.0040318813847038,0.00887426150085524,-0.00344448367072793,-0.00717369895215343,-0.00014729099070385,0.0807880900078679,0.0955143333190561,-0.391554260383756,0.44980001,0.67379999
-0.0021039704328131396,-0.0186078525584228,0.00268829657226054,0.0122271771093914,-0.0017378364411762199,-0.00588084180680445,-0.00105931870122353,-0.3684897327224871,-0.00046635375875275,NaN,NaN,NaN
0.00368978850834361,0.0050718435688143606,0.00371623058276736,0.0114857620791957,-0.00278068388812127,-0.00470546174234095,0.0009677638702230391,0.0915375713751709,0.00803594773180778,NaN,NaN,NaN
0.0021500334896167803,0.028416005379419997,-0.0047963109196343,0.0151190772101648,-0.000620227148298031,-0.0034240515199185396,-2.7565092313806103e-05,0.144922007847574,0.0228608755938856,NaN,NaN,NaN
0.0041910708745609895,0.00945456293647102,0.00169634524714944,0.0215563899085458,0.0013615564833682,-0.0021360299408788,-0.00107831127046174,-0.772697040451416,0.0319025379908582,-0.391554260383756,0.46020001,0.6803
-0.0051941214202857,-0.016142597319202,-0.00273346525361574,0.0214824537341487,0.00149795139088103,-0.000956799107944903,0.000288021930488627,-2.24169480267788,0.00309203530325825,NaN,NaN,NaN
-0.004367640079757379,-0.0145192627116973,-0.00117890200083927,0.0241380456823634,0.000540859920976616,0.00015518614722072902,-0.0010619439596279698,-2.8111700769415098,0.0121494202495023,NaN,NaN,NaN
-0.00507951702953586,-0.0238923647919154,-0.00315707972739122,0.0248147756600927,0.00453429432109996,0.000994533480550926,-0.00435336928132666,-3.05297967755095,-0.00194321404867231,NaN,NaN,NaN
-0.00507808136630223,-0.0214906853269965,-0.00219038812835183,0.0222539727708835,-0.00185680714765215,0.000994533480550926,0.0017471906892907699,-3.00749960729413,0.007220212653998259,-0.391554260383756,0.4569,0.69120002
-0.00144565690345195,-0.0009371781085341539,-0.00386931159851535,0.0234315842569996,0.00312324417453367,0.0010192095049155801,-0.001592596343831,-2.83125392168211,-0.00464817226376851,NaN,NaN,NaN
-0.00331667362681904,-0.0175383976916961,-0.00121475251717264,0.0170690747800037,0.00240914243190258,0.00100275888966231,-0.00290494560161944,-2.04977489977683,-0.0215630954141316,NaN,NaN,NaN
-0.00208224335170732,-0.027720469119529,0.0013603560377322,0.0121086564909705,0.00160061295209533,0.0005667189480773049,-0.0040685224824488,-0.713662969926736,-0.0095858323594497,NaN,NaN,NaN
-0.00924706742770893,-0.0414142369432127,-0.00525517643056662,0.0062831552885303,0.00445626185408797,-0.000857905887818661,-0.00435159199653088,0.647140535135011,-0.0421953555164864,-0.391554260383756,0.45109999,0.72130001
-0.00215171287567446,-0.0218058955592003,-0.0007262817844817661,-0.00125071593195525,0.00270325532212777,-0.00412655701388915,-0.00269334425236798,1.9889611797920301,-0.0262706170469981,NaN,NaN,NaN
-0.0116583347241565,-0.0316167906778726,-0.0118530513846174,-0.0147810705905407,0.000902096376184974,-0.00683374761995999,-0.00061795120652006,3.0272944067736502,-0.0357710337244738,NaN,NaN,NaN
-0.0387468823422896,-0.0897298654179415,-0.0347996695091797,-0.042380370366395,0.0038296612937991203,-0.007198577977891999,-0.0049168412454314294,1.6515543943771003,-0.085511792940696,NaN,NaN,NaN
-0.0318106396262374,-0.14302902079434698,-0.0153656618893945,-0.0713575310848764,0.0057190191295595,-0.0107709894969075,-0.008143239784553759,0.35449527463439295,-0.19613085487954102,-0.391554260383756,0.44330001,0.72939998
-0.0121685893641245,-0.0839009113511984,-0.00530105698711615,-0.0961881058427716,0.00450119393301416,-0.0101739851350007,-0.0094920108481926,0.655396967700693,-0.041520486787316006,NaN,NaN,NaN
0.00116917663531084,-0.0203763213424657,0.00554064918029205,-0.11058059629866401,0.00358099106899966,-0.0114913357629833,-0.00698408143120341,1.4275012978203,-0.00536724335081778,NaN,NaN,NaN
0.00633064464519344,0.0712820221617573,-0.00431104638481684,-0.112567525516534,0.00263999386436685,-0.0127088856859596,-0.00466250480256145,0.30993523875934803,0.026218818696354,NaN,NaN,NaN
-0.00033426413981714,0.009728611655841891,-0.00131758165702013,-0.11474634052304199,0.0018558116334805698,-0.0130698913788156,-0.0055216770741044205,0.163567954053756,0.0506619468188423,-0.391554260383756,0.45770001,0.73430002
0.00381906609272869,0.0409262778987771,-0.00272358922000261,-0.109300885444005,-0.00152963579504297,-0.0132615523394043,-0.00339946666889033,0.6646837333182409,0.0252079617679706,NaN,NaN,NaN
0.00117955717383383,0.0298091161225468,-0.00130422301236833,-0.106592912182423,8.03181890527923e-06,-0.0132804743307741,-0.00513419894349296,0.889284684100833,0.0224574059131553,NaN,NaN,NaN
-0.0036518101962110298,-0.012024088478848999,-0.000106765392012167,-0.104136580349719,-0.000804945665487295,-0.0137749626727071,-0.00243128751591579,1.5042594968956298,0.0109911075890819,NaN,NaN,NaN
-0.0062392468169089705,-0.0272600240333403,0.000461207716119003,-0.104652066730203,-0.00146150580271278,-0.0144029774580243,-0.00267838882010738,1.92210073418573,0.083750624542955,-0.391554260383756,0.4596,0.73470002
0.00106484982536075,0.0267621384870193,-0.00165470824270965,-0.0996314055788066,-0.00405328134136453,-0.0146185148004254,-0.00149096873582552,0.82693892107712,-0.000276743352251633,NaN,NaN,NaN
-0.007830972196553659,-0.00267422992461479,-0.00480054767178341,-0.0975501188250645,-0.0036043052844643296,-0.0148144925443115,-0.00161472442604824,0.23000157483898603,-0.0152197876471542,NaN,NaN,NaN
0.00584835117063514,0.0663312157705164,-0.00340856440376448,-0.09271139380799999,0.0007671553878285491,-0.0153521100888082,-0.00651708899113077,0.779011276376812,0.0164992031508403,NaN,NaN,NaN
0.00131881262095761,0.0115862219146145,0.0014794208394381802,-0.0870219210858743,-0.00531788731438023,-0.0156995051744427,-0.00180633604404365,0.308234321970722,0.00245399210043702,-0.391554260383756,0.4718,0.73890001
-0.00492496013909167,0.0153267228113471,-0.007198135244953291,-0.0883168810820791,-0.00117856591022615,-0.0155910907197032,-0.00408885656856148,-0.0179577855448629,0.00812671170114549,NaN,NaN,NaN
-0.00807348964840666,-0.00965635697586325,-0.00775112282788772,-0.0862208407418681,-0.0035505666474902205,-0.0150499573698699,-0.0029163566822713897,0.0846941588322112,0.00131342882164682,NaN,NaN,NaN
-0.00607670201342798,-0.0145862203002163,-0.0021476423870941,-0.0838556695424115,-0.0025263389276027,-0.0152067797653177,-0.00294245385493872,-0.39736596921671996,0.0231309822243522,NaN,NaN,NaN
0.00034686771382835,0.0259251655033225,-0.00237914168474919,-0.0816302162630054,0.0015753946041561,-0.0155360846074198,-0.0040553074950626395,-0.551107282381862,0.0380101274979859,-0.26807320361273496,0.4655,0.72359997
-0.0061889354660058,0.00327830122167545,-0.00853751443507324,-0.0810002482631065,-0.000361421185700167,-0.0155603500790126,-0.00515499953234963,NaN,0.0036382247555786897,NaN,NaN,NaN
-0.000129834770484069,0.0249771445006037,-0.0038069838721193202,-0.0781770953743175,-0.000963195315104598,-0.0151769934309759,-0.0032481515276867397,NaN,0.0027637052099761103,NaN,NaN,NaN
-0.00241104831194323,-0.00257525919267603,-0.000324192193569064,-0.0772431282539197,-0.00140625222286596,-0.016204729091612,-0.00217788548232287,NaN,0.00517773527602167,NaN,NaN,NaN
-0.005353820270045999,-0.0140102154400057,-0.0022147257803282303,-0.0751870385624738,0.0022040958526161397,-0.0170362398453065,-0.00435754326000845,NaN,0.0344024273133763,-0.26807320361273496,0.4736,0.7216
0.00500754529309071,0.0293917259048925,0.00227685939534304,-0.069800829860057,-0.00332643271039791,-0.0183423600930494,-0.0017986530402638102,NaN,0.00934103890036703,NaN,NaN,NaN
0.00362234963891166,0.0109405952592713,0.00209914442988211,-0.0660619366633064,-0.0011834291275137,-0.0193686775681048,-0.0033166024688295603,NaN,-0.0124495403283275,NaN,NaN,NaN
-0.000544709718254441,-0.000428093992199719,0.0013648987766310301,-0.0576090337092454,0.000267046750216365,-0.019174264613333,-0.00607888415731159,NaN,0.00863521339399626,NaN,NaN,NaN
0.00165757835592833,0.0221023320139957,-0.0021179148495735897,-0.0577428472436674,0.00430725304914035,-0.0187181264101592,-0.00885376895687371,NaN,0.0402872604712621,-0.26807320361273496,0.47310001,0.71880001
-0.000648724337819881,-0.0100362069059937,0.00051592605233751,-0.0552808595866656,-0.00107063609668125,-0.0170919836142688,-0.0023889262524561,NaN,-0.00062138473086775,NaN,NaN,NaN
-0.00257317120392382,-0.009699029964009,-0.000612342174813665,-0.0575149691589179,-0.000336471258746158,-0.0157240387556475,-0.00442593382081322,NaN,-0.0203353374990284,NaN,NaN,NaN
-0.006664365879180021,-0.0243719185096061,-0.00214054916991159,-0.0524789209278822,0.0048719720087422105,-0.0144855023276236,-0.007771621185326459,NaN,-0.012186601847643,NaN,NaN,NaN
